term_en,term_vi,plain_vi,plain_en,week14_use,notes
paper package,gói paper,"folder/bộ hồ sơ gồm câu hỏi, dữ liệu, notebook, output, draft, references","a checkable set of files for a paper: question, data, notebook, outputs, draft, references",final deliverable,"not just a pretty document"
reproducibility note,ghi chú tái lập,"ghi file nào ở đâu và chạy lại notebook như thế nào","a note saying where files live and how to rerun the work",package README,"keep it practical"
Zotero,Zotero,"công cụ quản lý tài liệu và citation","reference manager for citations and bibliographies",default citation route,"use with Word first"
Word + Zotero,Word + Zotero,"lộ trình viết mặc định cho beginner","default writing and citation route for the beginner",tool decision,"academically valid and efficient"
Quarto,Quarto,"công cụ viết report có thể nối code, figures, citations","tool for reproducible reports combining prose, code, figures, and citations",optional route,"use after notebooks feel comfortable"
Overleaf,Overleaf,"nền tảng viết LaTeX online","online LaTeX writing platform",optional route,"use when template/collaboration needs LaTeX"
.bib file,file .bib,"file chứa bibliography keys cho LaTeX/Quarto","bibliography database file for LaTeX/Quarto",optional bibliography,"export from Zotero when needed"
tool route,lộ trình công cụ,"lựa chọn Word/Zotero, Quarto, hoặc Overleaf theo mục tiêu nộp bài","the chosen writing/citation workflow based on submission needs",decision table,"do not choose by aesthetics only"
package audit,audit gói paper,"kiểm tra artifact nào ready/revise/missing","checking which artifacts are ready, need revision, or missing",notebook table,"Python supports project management here"
